mutant,salt,hmgb1,n_beads,n_cuts,mode,std,n_muts
12CodC6A,Mg,80,19,10,0.5263157894736842,0.11454888159631764,1.0
12HeptA4T,Ca,80,85,0,0.0,0.0,1.0
12HeptA4T,Mg,80,134,52,0.3880597014925373,0.04209702453147293,1.0
12HeptC3G,Mg,80,53,1,0.018867924528301886,0.0186890776054207,1.0
12HeptC3T,Mg,80,53,2,0.03773584905660377,0.026174975357282734,1.0
12HeptG5A,Mg,80,15,3,0.2,0.10327955589886445,1.0
12HeptG5C,Mg,80,96,18,0.1875,0.03983608994994363,1.0
12HeptG7A,Mg,80,109,28,0.25688073394495414,0.04184868137442916,1.0
12HeptG7C,Mg,80,30,10,0.3333333333333333,0.08606629658238704,1.0
12HeptG7T,Mg,80,47,7,0.14893617021276595,0.051931662832774964,1.0
12HeptT6A,Mg,80,2,1,0.5,0.3535533905932738,1.0
12HeptT6AG7C,Mg,80,0,0,,,2.0
12HeptT6C,Mg,80,24,2,0.08333333333333333,0.0564169333655275,1.0
12HeptT6CG7A,Mg,80,2,0,0.0,0.0,2.0
12NonA1G,Mg,80,108,38,0.35185185185185186,0.04595208114017962,1.0
12NonA3C,Mg,80,15,7,0.4666666666666667,0.12881223774390613,1.0
12NonA4C,Mg,80,37,10,0.2702702702702703,0.07300948684714835,1.0
12NonA4T,Mg,80,10,5,0.5,0.15811388300841897,1.0
12NonA5T,Mg,80,58,16,0.27586206896551724,0.058687099544604354,1.0
12NonC8G,Mg,80,24,9,0.375,0.09882117688026186,1.0
12NonC8T,Mg,80,18,6,0.3333333333333333,0.1111111111111111,1.0
12NonC9T,Mg,80,20,11,0.55,0.11124297730643495,1.0
12SpacA12C,Mg,80,15,7,0.4666666666666667,0.12881223774390613,1.0
12SpacA12T,Mg,80,24,10,0.4166666666666667,0.10063456073742666,1.0
12SpacA3G,Mg,80,35,12,0.34285714285714286,0.08023289714485299,1.0
12SpacA3T,Mg,80,28,18,0.6428571428571429,0.09055224157805535,1.0
12SpacA7C,Mg,80,37,15,0.40540540540540543,0.08071502466945957,1.0
12SpacA7G,Mg,80,21,10,0.47619047619047616,0.10898516862311035,1.0
12SpacC1A,Mg,80,38,18,0.47368421052631576,0.08099829095409111,1.0
12SpacC1G,Mg,80,19,12,0.631578947368421,0.11066473327112565,1.0
12SpacC4G,Mg,80,38,6,0.15789473684210525,0.059152788099896464,1.0
12SpacC4T,Mg,80,128,43,0.3359375,0.04174733300742003,1.0
12SpacC8T,Mg,80,17,5,0.29411764705882354,0.11051016901502637,1.0
12SpacG10A,Mg,80,60,29,0.48333333333333334,0.06451385151296608,1.0
12SpacG10C,Mg,80,34,18,0.5294117647058824,0.08560080883635282,1.0
12SpacG10CG11A,Mg,80,22,14,0.6363636363636364,0.10255928633050294,2.0
12SpacG10T,Mg,80,20,15,0.75,0.09682458365518543,1.0
12SpacG11A,Mg,80,29,12,0.41379310344827586,0.09145723911072252,1.0
12SpacG11C,Mg,80,26,8,0.3076923076923077,0.09051513929454648,1.0
12SpacG11T,Ca,40,43,0,0.0,0.0,1.0
12SpacG11T,Ca,80,206,3,0.014563106796116505,0.008346565690046373,1.0
12SpacG11T,Ca,160,123,0,0.0,0.0,1.0
12SpacG11T,Mg,0,25,0,0.0,0.0,1.0
12SpacG11T,Mg,80,267,83,0.31086142322097376,0.02832572703193436,1.0
12SpacG6A,Mg,80,74,24,0.32432432432432434,0.054418058530866835,1.0
12SpacG6T,Mg,80,78,34,0.4358974358974359,0.05614665563886408,1.0
12SpacT9A,Mg,80,22,12,0.5454545454545454,0.10615894693111677,1.0
12SpacT9C,Mg,80,50,12,0.24,0.060398675482166,1.0
12SpacT9G,Mg,80,8,6,0.75,0.15309310892394862,1.0
DFL161,Mg,80,10,1,0.1,0.09486832980505137,10.0
DFL1613,Mg,80,37,18,0.4864864864864865,0.08216946643938353,7.0
V1-135,Mg,80,46,14,0.30434782608695654,0.06784256500917339,5.0
V10-96,Mg,80,43,17,0.3953488372093023,0.07456043812354979,10.0
V19-93,Mg,80,58,26,0.4482758620689655,0.06530097606537923,6.0
V4-55,Mg,80,18,9,0.5,0.11785113019775792,1.0
V5-43,Mg,80,27,3,0.1111111111111111,0.0604812282168686,7.0
V6-15,Mg,80,29,1,0.034482758620689655,0.03388301272003569,7.0
V6-17,Mg,80,34,10,0.29411764705882354,0.07814248990059665,6.0
V8-18,Mg,80,5,0,0.0,0.0,9.0
V9-120,Mg,80,41,20,0.4878048780487805,0.07806365117108506,7.0
WT12rss,Ca,80,171,6,0.03508771929824561,0.014070950385549352,0.0
WT12rss,Mg,80,152,70,0.4605263157894737,0.04042877332053182,0.0
