,high,hmgb1,loops_per_bead,low,mutant,n_beads,n_loops,percentile,salt
0,0.24347826086956523,80.0,0.16521739130434782,0.09565217391304348,12CodC6A,115.0,19.0,95.0,Mg
1,0.12173913043478261,80.0,0.16521739130434782,0.20869565217391303,12CodC6A,115.0,19.0,75.0,Mg
2,0.19130434782608696,80.0,0.16521739130434782,0.1391304347826087,12CodC6A,115.0,19.0,50.0,Mg
3,0.17391304347826086,80.0,0.16521739130434782,0.1565217391304348,12CodC6A,115.0,19.0,25.0,Mg
4,0.16521739130434782,80.0,0.16521739130434782,0.1565217391304348,12CodC6A,115.0,19.0,10.0,Mg
5,0.16521739130434782,80.0,0.16521739130434782,0.16521739130434782,12CodC6A,115.0,19.0,5.0,Mg
6,0.4234875444839858,80.0,0.302491103202847,0.19572953736654805,12HeptA4T,281.0,85.0,95.0,Ca
7,0.23487544483985764,80.0,0.302491103202847,0.3701067615658363,12HeptA4T,281.0,85.0,75.0,Ca
8,0.3416370106761566,80.0,0.302491103202847,0.2597864768683274,12HeptA4T,281.0,85.0,50.0,Ca
9,0.3202846975088968,80.0,0.302491103202847,0.28113879003558717,12HeptA4T,281.0,85.0,25.0,Ca
10,0.30604982206405695,80.0,0.302491103202847,0.2918149466192171,12HeptA4T,281.0,85.0,10.0,Ca
11,0.302491103202847,80.0,0.302491103202847,0.29537366548042704,12HeptA4T,281.0,85.0,5.0,Ca
12,0.28665568369028005,80.0,0.22075782537067545,0.16474464579901152,12HeptA4T,607.0,134.0,95.0,Mg
13,0.18616144975288304,80.0,0.22075782537067545,0.257001647446458,12HeptA4T,607.0,134.0,75.0,Mg
14,0.24052718286655683,80.0,0.22075782537067545,0.19934102141680396,12HeptA4T,607.0,134.0,50.0,Mg
15,0.22899505766062603,80.0,0.22075782537067545,0.20922570016474468,12HeptA4T,607.0,134.0,25.0,Mg
16,0.22240527182866557,80.0,0.22075782537067545,0.2158154859967051,12HeptA4T,607.0,134.0,10.0,Mg
17,0.22075782537067545,80.0,0.22075782537067545,0.21746293245469522,12HeptA4T,607.0,134.0,5.0,Mg
18,0.20448179271708683,80.0,0.1484593837535014,0.09803921568627451,12HeptC3G,357.0,53.0,95.0,Mg
19,0.11764705882352941,80.0,0.1484593837535014,0.1792717086834734,12HeptC3G,357.0,53.0,75.0,Mg
20,0.16526610644257703,80.0,0.1484593837535014,0.12885154061624648,12HeptC3G,357.0,53.0,50.0,Mg
21,0.1568627450980392,80.0,0.1484593837535014,0.1400560224089636,12HeptC3G,357.0,53.0,25.0,Mg
22,0.15126050420168066,80.0,0.1484593837535014,0.14285714285714285,12HeptC3G,357.0,53.0,10.0,Mg
23,0.1484593837535014,80.0,0.1484593837535014,0.14565826330532214,12HeptC3G,357.0,53.0,5.0,Mg
24,0.3632075471698113,80.0,0.25,0.1509433962264151,12HeptC3T,212.0,53.0,95.0,Mg
25,0.18867924528301888,80.0,0.25,0.3113207547169811,12HeptC3T,212.0,53.0,75.0,Mg
26,0.28773584905660377,80.0,0.25,0.21226415094339623,12HeptC3T,212.0,53.0,50.0,Mg
27,0.2641509433962264,80.0,0.25,0.23113207547169812,12HeptC3T,212.0,53.0,25.0,Mg
28,0.25471698113207547,80.0,0.25,0.24056603773584906,12HeptC3T,212.0,53.0,10.0,Mg
29,0.25,80.0,0.25,0.24528301886792453,12HeptC3T,212.0,53.0,5.0,Mg
30,0.2708333333333333,80.0,0.15625,0.0625,12HeptG5A,96.0,15.0,95.0,Mg
31,0.09375,80.0,0.15625,0.21875,12HeptG5A,96.0,15.0,75.0,Mg
32,0.1875,80.0,0.15625,0.11458333333333333,12HeptG5A,96.0,15.0,50.0,Mg
33,0.16666666666666666,80.0,0.15625,0.13541666666666666,12HeptG5A,96.0,15.0,25.0,Mg
34,0.15625,80.0,0.15625,0.14583333333333334,12HeptG5A,96.0,15.0,10.0,Mg
35,0.15625,80.0,0.15625,0.14583333333333334,12HeptG5A,96.0,15.0,5.0,Mg
36,0.15712545676004872,80.0,0.11693057247259439,0.08404384896467722,12HeptG5C,821.0,96.0,95.0,Mg
37,0.09622411693057248,80.0,0.11693057247259439,0.13885505481120586,12HeptG5C,821.0,96.0,75.0,Mg
38,0.12911084043848964,80.0,0.11693057247259439,0.10353227771010962,12HeptG5C,821.0,96.0,50.0,Mg
39,0.1218026796589525,80.0,0.11693057247259439,0.10962241169305725,12HeptG5C,821.0,96.0,25.0,Mg
40,0.11814859926918392,80.0,0.11693057247259439,0.11327649208282582,12HeptG5C,821.0,96.0,10.0,Mg
41,0.11693057247259439,80.0,0.11693057247259439,0.11449451887941535,12HeptG5C,821.0,96.0,5.0,Mg
42,0.4227405247813411,80.0,0.3177842565597668,0.22740524781341107,12HeptG7A,343.0,109.0,95.0,Mg
43,0.26239067055393583,80.0,0.3177842565597668,0.3760932944606414,12HeptG7A,343.0,109.0,75.0,Mg
44,0.3498542274052478,80.0,0.3177842565597668,0.282798833819242,12HeptG7A,343.0,109.0,50.0,Mg
45,0.3323615160349854,80.0,0.3177842565597668,0.30029154518950435,12HeptG7A,343.0,109.0,25.0,Mg
46,0.3206997084548105,80.0,0.3177842565597668,0.30903790087463556,12HeptG7A,343.0,109.0,10.0,Mg
47,0.3177842565597668,80.0,0.3177842565597668,0.3119533527696793,12HeptG7A,343.0,109.0,5.0,Mg
48,0.3493150684931507,80.0,0.2054794520547945,0.10273972602739725,12HeptG7C,146.0,30.0,95.0,Mg
49,0.136986301369863,80.0,0.2054794520547945,0.2808219178082192,12HeptG7C,146.0,30.0,75.0,Mg
50,0.2465753424657534,80.0,0.2054794520547945,0.15753424657534246,12HeptG7C,146.0,30.0,50.0,Mg
51,0.2191780821917808,80.0,0.2054794520547945,0.1780821917808219,12HeptG7C,146.0,30.0,25.0,Mg
52,0.2054794520547945,80.0,0.2054794520547945,0.1917808219178082,12HeptG7C,146.0,30.0,10.0,Mg
53,0.2054794520547945,80.0,0.2054794520547945,0.1917808219178082,12HeptG7C,146.0,30.0,5.0,Mg
54,0.3013698630136986,80.0,0.2146118721461187,0.136986301369863,12HeptG7T,219.0,47.0,95.0,Mg
55,0.1689497716894977,80.0,0.2146118721461187,0.2648401826484018,12HeptG7T,219.0,47.0,75.0,Mg
56,0.2420091324200913,80.0,0.2146118721461187,0.1872146118721461,12HeptG7T,219.0,47.0,50.0,Mg
57,0.228310502283105,80.0,0.2146118721461187,0.2009132420091324,12HeptG7T,219.0,47.0,25.0,Mg
58,0.2191780821917808,80.0,0.2146118721461187,0.2054794520547945,12HeptG7T,219.0,47.0,10.0,Mg
59,0.2146118721461187,80.0,0.2146118721461187,0.2100456621004566,12HeptG7T,219.0,47.0,5.0,Mg
60,0.02032520325203252,80.0,0.008130081300813009,0.0,12HeptT6A,246.0,2.0,95.0,Mg
61,0.0,80.0,0.008130081300813009,0.016260162601626018,12HeptT6A,246.0,2.0,75.0,Mg
62,0.012195121951219513,80.0,0.008130081300813009,0.0040650406504065045,12HeptT6A,246.0,2.0,50.0,Mg
63,0.008130081300813009,80.0,0.008130081300813009,0.0040650406504065045,12HeptT6A,246.0,2.0,25.0,Mg
64,0.008130081300813009,80.0,0.008130081300813009,0.008130081300813009,12HeptT6A,246.0,2.0,10.0,Mg
65,0.008130081300813009,80.0,0.008130081300813009,0.008130081300813009,12HeptT6A,246.0,2.0,5.0,Mg
66,0.0,80.0,0.0,0.0,12HeptT6AG7C,115.0,0.0,95.0,Mg
67,0.0,80.0,0.0,0.0,12HeptT6AG7C,115.0,0.0,75.0,Mg
68,0.0,80.0,0.0,0.0,12HeptT6AG7C,115.0,0.0,50.0,Mg
69,0.0,80.0,0.0,0.0,12HeptT6AG7C,115.0,0.0,25.0,Mg
70,0.0,80.0,0.0,0.0,12HeptT6AG7C,115.0,0.0,10.0,Mg
71,0.0,80.0,0.0,0.0,12HeptT6AG7C,115.0,0.0,5.0,Mg
72,0.10412147505422993,80.0,0.052060737527114966,0.015184381778741865,12HeptT6C,461.0,24.0,95.0,Mg
73,0.026030368763557483,80.0,0.052060737527114966,0.07809110629067245,12HeptT6C,461.0,24.0,75.0,Mg
74,0.06724511930585683,80.0,0.052060737527114966,0.03470715835140998,12HeptT6C,461.0,24.0,50.0,Mg
75,0.05639913232104121,80.0,0.052060737527114966,0.04338394793926247,12HeptT6C,461.0,24.0,25.0,Mg
76,0.052060737527114966,80.0,0.052060737527114966,0.04772234273318872,12HeptT6C,461.0,24.0,10.0,Mg
77,0.052060737527114966,80.0,0.052060737527114966,0.04772234273318872,12HeptT6C,461.0,24.0,5.0,Mg
78,0.033783783783783786,80.0,0.013513513513513514,0.0,12HeptT6CG7A,148.0,2.0,95.0,Mg
79,0.0,80.0,0.013513513513513514,0.02702702702702703,12HeptT6CG7A,148.0,2.0,75.0,Mg
80,0.02027027027027027,80.0,0.013513513513513514,0.006756756756756757,12HeptT6CG7A,148.0,2.0,50.0,Mg
81,0.013513513513513514,80.0,0.013513513513513514,0.006756756756756757,12HeptT6CG7A,148.0,2.0,25.0,Mg
82,0.013513513513513514,80.0,0.013513513513513514,0.013513513513513514,12HeptT6CG7A,148.0,2.0,10.0,Mg
83,0.013513513513513514,80.0,0.013513513513513514,0.013513513513513514,12HeptT6CG7A,148.0,2.0,5.0,Mg
84,0.375,80.0,0.2755102040816326,0.19642857142857142,12NonA1G,392.0,108.0,95.0,Mg
85,0.22448979591836735,80.0,0.2755102040816326,0.32908163265306123,12NonA1G,392.0,108.0,75.0,Mg
86,0.30357142857142855,80.0,0.2755102040816326,0.2423469387755102,12NonA1G,392.0,108.0,50.0,Mg
87,0.288265306122449,80.0,0.2755102040816326,0.2576530612244898,12NonA1G,392.0,108.0,25.0,Mg
88,0.2780612244897959,80.0,0.2755102040816326,0.2653061224489796,12NonA1G,392.0,108.0,10.0,Mg
89,0.2755102040816326,80.0,0.2755102040816326,0.27040816326530615,12NonA1G,392.0,108.0,5.0,Mg
90,0.04151624548736462,80.0,0.02707581227436823,0.01444043321299639,12NonA3C,554.0,15.0,95.0,Mg
91,0.019855595667870037,80.0,0.02707581227436823,0.03429602888086643,12NonA3C,554.0,15.0,75.0,Mg
92,0.030685920577617327,80.0,0.02707581227436823,0.021660649819494584,12NonA3C,554.0,15.0,50.0,Mg
93,0.02888086642599278,80.0,0.02707581227436823,0.02527075812274368,12NonA3C,554.0,15.0,25.0,Mg
94,0.02707581227436823,80.0,0.02707581227436823,0.02527075812274368,12NonA3C,554.0,15.0,10.0,Mg
95,0.02707581227436823,80.0,0.02707581227436823,0.02707581227436823,12NonA3C,554.0,15.0,5.0,Mg
96,0.1328125,80.0,0.09635416666666667,0.0625,12NonA4C,384.0,37.0,95.0,Mg
97,0.07552083333333333,80.0,0.09635416666666667,0.1171875,12NonA4C,384.0,37.0,75.0,Mg
98,0.10677083333333333,80.0,0.09635416666666667,0.08333333333333333,12NonA4C,384.0,37.0,50.0,Mg
99,0.1015625,80.0,0.09635416666666667,0.09114583333333333,12NonA4C,384.0,37.0,25.0,Mg
100,0.09895833333333333,80.0,0.09635416666666667,0.09375,12NonA4C,384.0,37.0,10.0,Mg
101,0.09635416666666667,80.0,0.09635416666666667,0.09375,12NonA4C,384.0,37.0,5.0,Mg
102,0.11258278145695365,80.0,0.06622516556291391,0.026490066225165563,12NonA4T,151.0,10.0,95.0,Mg
103,0.039735099337748346,80.0,0.06622516556291391,0.09271523178807947,12NonA4T,151.0,10.0,75.0,Mg
104,0.07947019867549669,80.0,0.06622516556291391,0.052980132450331126,12NonA4T,151.0,10.0,50.0,Mg
105,0.0728476821192053,80.0,0.06622516556291391,0.059602649006622516,12NonA4T,151.0,10.0,25.0,Mg
106,0.06622516556291391,80.0,0.06622516556291391,0.059602649006622516,12NonA4T,151.0,10.0,10.0,Mg
107,0.06622516556291391,80.0,0.06622516556291391,0.06622516556291391,12NonA4T,151.0,10.0,5.0,Mg
108,0.24293785310734464,80.0,0.1638418079096045,0.1016949152542373,12NonA5T,354.0,58.0,95.0,Mg
109,0.12429378531073447,80.0,0.1638418079096045,0.2062146892655367,12NonA5T,354.0,58.0,75.0,Mg
110,0.1864406779661017,80.0,0.1638418079096045,0.1384180790960452,12NonA5T,354.0,58.0,50.0,Mg
111,0.17231638418079095,80.0,0.1638418079096045,0.1497175141242938,12NonA5T,354.0,58.0,25.0,Mg
112,0.16666666666666666,80.0,0.1638418079096045,0.15819209039548024,12NonA5T,354.0,58.0,10.0,Mg
113,0.1638418079096045,80.0,0.1638418079096045,0.15819209039548024,12NonA5T,354.0,58.0,5.0,Mg
114,0.2824427480916031,80.0,0.183206106870229,0.09923664122137404,12NonC8G,131.0,24.0,95.0,Mg
115,0.1297709923664122,80.0,0.183206106870229,0.2366412213740458,12NonC8G,131.0,24.0,75.0,Mg
116,0.21374045801526717,80.0,0.183206106870229,0.15267175572519084,12NonC8G,131.0,24.0,50.0,Mg
117,0.1984732824427481,80.0,0.183206106870229,0.16793893129770993,12NonC8G,131.0,24.0,25.0,Mg
118,0.183206106870229,80.0,0.183206106870229,0.17557251908396945,12NonC8G,131.0,24.0,10.0,Mg
119,0.183206106870229,80.0,0.183206106870229,0.17557251908396945,12NonC8G,131.0,24.0,5.0,Mg
120,0.1,80.0,0.06428571428571428,0.03214285714285714,12NonC8T,280.0,18.0,95.0,Mg
121,0.04642857142857143,80.0,0.06428571428571428,0.08571428571428572,12NonC8T,280.0,18.0,75.0,Mg
122,0.075,80.0,0.06428571428571428,0.05357142857142857,12NonC8T,280.0,18.0,50.0,Mg
123,0.06785714285714285,80.0,0.06428571428571428,0.05714285714285714,12NonC8T,280.0,18.0,25.0,Mg
124,0.06428571428571428,80.0,0.06428571428571428,0.06071428571428572,12NonC8T,280.0,18.0,10.0,Mg
125,0.06428571428571428,80.0,0.06428571428571428,0.060714285714285714,12NonC8T,280.0,18.0,5.0,Mg
126,0.26605504587155965,80.0,0.1834862385321101,0.11009174311926606,12NonC9T,109.0,20.0,95.0,Mg
127,0.13761467889908258,80.0,0.1834862385321101,0.22935779816513763,12NonC9T,109.0,20.0,75.0,Mg
128,0.21100917431192662,80.0,0.1834862385321101,0.1559633027522936,12NonC9T,109.0,20.0,50.0,Mg
129,0.1926605504587156,80.0,0.1834862385321101,0.1743119266055046,12NonC9T,109.0,20.0,25.0,Mg
130,0.1834862385321101,80.0,0.1834862385321101,0.1743119266055046,12NonC9T,109.0,20.0,10.0,Mg
131,0.1834862385321101,80.0,0.1834862385321101,0.1834862385321101,12NonC9T,109.0,20.0,5.0,Mg
132,0.18181818181818182,80.0,0.11363636363636363,0.05303030303030303,12SpacA12C,132.0,15.0,95.0,Mg
133,0.07575757575757576,80.0,0.11363636363636363,0.15151515151515152,12SpacA12C,132.0,15.0,75.0,Mg
134,0.13636363636363635,80.0,0.11363636363636363,0.09090909090909091,12SpacA12C,132.0,15.0,50.0,Mg
135,0.12121212121212122,80.0,0.11363636363636363,0.09848484848484848,12SpacA12C,132.0,15.0,25.0,Mg
136,0.11363636363636363,80.0,0.11363636363636363,0.10606060606060606,12SpacA12C,132.0,15.0,10.0,Mg
137,0.11363636363636363,80.0,0.11363636363636363,0.11363636363636363,12SpacA12C,132.0,15.0,5.0,Mg
138,0.2536231884057971,80.0,0.17391304347826086,0.10144927536231885,12SpacA12T,138.0,24.0,95.0,Mg
139,0.13043478260869565,80.0,0.17391304347826086,0.21739130434782608,12SpacA12T,138.0,24.0,75.0,Mg
140,0.1956521739130435,80.0,0.17391304347826086,0.14492753623188406,12SpacA12T,138.0,24.0,50.0,Mg
141,0.18115942028985507,80.0,0.17391304347826086,0.15942028985507245,12SpacA12T,138.0,24.0,25.0,Mg
142,0.17391304347826086,80.0,0.17391304347826086,0.16666666666666666,12SpacA12T,138.0,24.0,10.0,Mg
143,0.17391304347826086,80.0,0.17391304347826086,0.16666666666666666,12SpacA12T,138.0,24.0,5.0,Mg
144,0.4253731343283582,80.0,0.26119402985074625,0.12686567164179105,12SpacA3G,134.0,35.0,95.0,Mg
145,0.1791044776119403,80.0,0.26119402985074625,0.35074626865671643,12SpacA3G,134.0,35.0,75.0,Mg
146,0.30597014925373134,80.0,0.26119402985074625,0.208955223880597,12SpacA3G,134.0,35.0,50.0,Mg
147,0.2835820895522388,80.0,0.26119402985074625,0.23134328358208955,12SpacA3G,134.0,35.0,25.0,Mg
148,0.26119402985074625,80.0,0.26119402985074625,0.2462686567164179,12SpacA3G,134.0,35.0,10.0,Mg
149,0.26119402985074625,80.0,0.26119402985074625,0.2537313432835821,12SpacA3G,134.0,35.0,5.0,Mg
150,0.3333333333333333,80.0,0.23333333333333334,0.15,12SpacA3T,120.0,28.0,95.0,Mg
151,0.18333333333333332,80.0,0.23333333333333334,0.2833333333333333,12SpacA3T,120.0,28.0,75.0,Mg
152,0.26666666666666666,80.0,0.23333333333333334,0.2,12SpacA3T,120.0,28.0,50.0,Mg
153,0.25,80.0,0.23333333333333334,0.21666666666666667,12SpacA3T,120.0,28.0,25.0,Mg
154,0.23333333333333334,80.0,0.23333333333333334,0.225,12SpacA3T,120.0,28.0,10.0,Mg
155,0.23333333333333334,80.0,0.23333333333333334,0.225,12SpacA3T,120.0,28.0,5.0,Mg
156,0.381294964028777,80.0,0.26618705035971224,0.16546762589928057,12SpacA7C,139.0,37.0,95.0,Mg
157,0.2014388489208633,80.0,0.26618705035971224,0.33093525179856115,12SpacA7C,139.0,37.0,75.0,Mg
158,0.302158273381295,80.0,0.26618705035971224,0.2302158273381295,12SpacA7C,139.0,37.0,50.0,Mg
159,0.2805755395683453,80.0,0.26618705035971224,0.24460431654676257,12SpacA7C,139.0,37.0,25.0,Mg
160,0.2733812949640288,80.0,0.26618705035971224,0.2589928057553957,12SpacA7C,139.0,37.0,10.0,Mg
161,0.26618705035971224,80.0,0.26618705035971224,0.2589928057553957,12SpacA7C,139.0,37.0,5.0,Mg
162,0.20833333333333334,80.0,0.125,0.06547619047619048,12SpacA7G,168.0,21.0,95.0,Mg
163,0.08333333333333333,80.0,0.125,0.16666666666666666,12SpacA7G,168.0,21.0,75.0,Mg
164,0.1488095238095238,80.0,0.125,0.10119047619047619,12SpacA7G,168.0,21.0,50.0,Mg
165,0.13095238095238096,80.0,0.125,0.1130952380952381,12SpacA7G,168.0,21.0,25.0,Mg
166,0.125,80.0,0.125,0.11904761904761904,12SpacA7G,168.0,21.0,10.0,Mg
167,0.125,80.0,0.125,0.11904761904761904,12SpacA7G,168.0,21.0,5.0,Mg
168,0.20866141732283464,80.0,0.14960629921259844,0.0984251968503937,12SpacC1A,254.0,38.0,95.0,Mg
169,0.11811023622047244,80.0,0.14960629921259844,0.18110236220472442,12SpacC1A,254.0,38.0,75.0,Mg
170,0.16929133858267717,80.0,0.14960629921259844,0.12992125984251968,12SpacC1A,254.0,38.0,50.0,Mg
171,0.15748031496062992,80.0,0.14960629921259844,0.14173228346456693,12SpacC1A,254.0,38.0,25.0,Mg
172,0.15354330708661418,80.0,0.14960629921259844,0.14566929133858267,12SpacC1A,254.0,38.0,10.0,Mg
173,0.14960629921259844,80.0,0.14960629921259844,0.14566929133858267,12SpacC1A,254.0,38.0,5.0,Mg
174,0.23931623931623933,80.0,0.1623931623931624,0.09401709401709402,12SpacC1G,117.0,19.0,95.0,Mg
175,0.11965811965811966,80.0,0.1623931623931624,0.20512820512820512,12SpacC1G,117.0,19.0,75.0,Mg
176,0.18803418803418803,80.0,0.1623931623931624,0.13675213675213677,12SpacC1G,117.0,19.0,50.0,Mg
177,0.17094017094017094,80.0,0.1623931623931624,0.15384615384615385,12SpacC1G,117.0,19.0,25.0,Mg
178,0.1623931623931624,80.0,0.1623931623931624,0.15384615384615385,12SpacC1G,117.0,19.0,10.0,Mg
179,0.1623931623931624,80.0,0.1623931623931624,0.1623931623931624,12SpacC1G,117.0,19.0,5.0,Mg
180,0.3238095238095238,80.0,0.18095238095238095,0.08571428571428572,12SpacC4G,210.0,38.0,95.0,Mg
181,0.11428571428571428,80.0,0.18095238095238095,0.2523809523809524,12SpacC4G,210.0,38.0,75.0,Mg
182,0.21904761904761905,80.0,0.18095238095238095,0.13333333333333333,12SpacC4G,210.0,38.0,50.0,Mg
183,0.19523809523809524,80.0,0.18095238095238095,0.1523809523809524,12SpacC4G,210.0,38.0,25.0,Mg
184,0.18095238095238095,80.0,0.18095238095238095,0.16666666666666666,12SpacC4G,210.0,38.0,10.0,Mg
185,0.1761904761904762,80.0,0.18095238095238095,0.17142857142857143,12SpacC4G,210.0,38.0,5.0,Mg
186,0.5294117647058824,80.0,0.41830065359477125,0.3202614379084967,12SpacC4T,306.0,128.0,95.0,Mg
187,0.3562091503267974,80.0,0.41830065359477125,0.4803921568627451,12SpacC4T,306.0,128.0,75.0,Mg
188,0.4542483660130719,80.0,0.41830065359477125,0.38235294117647056,12SpacC4T,306.0,128.0,50.0,Mg
189,0.434640522875817,80.0,0.41830065359477125,0.39869281045751637,12SpacC4T,306.0,128.0,25.0,Mg
190,0.42483660130718953,80.0,0.41830065359477125,0.4084967320261438,12SpacC4T,306.0,128.0,10.0,Mg
191,0.41830065359477125,80.0,0.41830065359477125,0.4117647058823529,12SpacC4T,306.0,128.0,5.0,Mg
192,0.25510204081632654,80.0,0.17346938775510204,0.10204081632653061,12SpacC8T,98.0,17.0,95.0,Mg
193,0.1326530612244898,80.0,0.17346938775510204,0.21428571428571427,12SpacC8T,98.0,17.0,75.0,Mg
194,0.19387755102040816,80.0,0.17346938775510204,0.14285714285714285,12SpacC8T,98.0,17.0,50.0,Mg
195,0.1836734693877551,80.0,0.17346938775510204,0.16326530612244897,12SpacC8T,98.0,17.0,25.0,Mg
196,0.17346938775510204,80.0,0.17346938775510204,0.16326530612244897,12SpacC8T,98.0,17.0,10.0,Mg
197,0.17346938775510204,80.0,0.17346938775510204,0.17346938775510204,12SpacC8T,98.0,17.0,5.0,Mg
198,0.2636986301369863,80.0,0.2054794520547945,0.1506849315068493,12SpacG10A,292.0,60.0,95.0,Mg
199,0.17123287671232876,80.0,0.2054794520547945,0.23972602739726026,12SpacG10A,292.0,60.0,75.0,Mg
200,0.22602739726027396,80.0,0.2054794520547945,0.18493150684931506,12SpacG10A,292.0,60.0,50.0,Mg
201,0.21575342465753425,80.0,0.2054794520547945,0.1952054794520548,12SpacG10A,292.0,60.0,25.0,Mg
202,0.2089041095890411,80.0,0.2054794520547945,0.20205479452054795,12SpacG10A,292.0,60.0,10.0,Mg
203,0.2054794520547945,80.0,0.2054794520547945,0.20205479452054795,12SpacG10A,292.0,60.0,5.0,Mg
204,0.41025641025641024,80.0,0.2905982905982906,0.18803418803418803,12SpacG10C,117.0,34.0,95.0,Mg
205,0.2222222222222222,80.0,0.2905982905982906,0.358974358974359,12SpacG10C,117.0,34.0,75.0,Mg
206,0.3247863247863248,80.0,0.2905982905982906,0.24786324786324787,12SpacG10C,117.0,34.0,50.0,Mg
207,0.3076923076923077,80.0,0.2905982905982906,0.27350427350427353,12SpacG10C,117.0,34.0,25.0,Mg
208,0.29914529914529914,80.0,0.2905982905982906,0.28205128205128205,12SpacG10C,117.0,34.0,10.0,Mg
209,0.2905982905982906,80.0,0.2905982905982906,0.28205128205128205,12SpacG10C,117.0,34.0,5.0,Mg
210,0.1837837837837838,80.0,0.11891891891891893,0.06486486486486487,12SpacG10CG11A,185.0,22.0,95.0,Mg
211,0.08108108108108109,80.0,0.11891891891891893,0.15675675675675677,12SpacG10CG11A,185.0,22.0,75.0,Mg
212,0.14054054054054055,80.0,0.11891891891891893,0.0972972972972973,12SpacG10CG11A,185.0,22.0,50.0,Mg
213,0.12972972972972974,80.0,0.11891891891891893,0.10810810810810811,12SpacG10CG11A,185.0,22.0,25.0,Mg
214,0.11891891891891893,80.0,0.11891891891891893,0.11351351351351352,12SpacG10CG11A,185.0,22.0,10.0,Mg
215,0.11891891891891893,80.0,0.11891891891891893,0.11351351351351352,12SpacG10CG11A,185.0,22.0,5.0,Mg
216,0.4153846153846154,80.0,0.3076923076923077,0.2,12SpacG10T,65.0,20.0,95.0,Mg
217,0.24615384615384617,80.0,0.3076923076923077,0.36923076923076925,12SpacG10T,65.0,20.0,75.0,Mg
218,0.3384615384615385,80.0,0.3076923076923077,0.26153846153846155,12SpacG10T,65.0,20.0,50.0,Mg
219,0.3230769230769231,80.0,0.3076923076923077,0.2923076923076923,12SpacG10T,65.0,20.0,25.0,Mg
220,0.3076923076923077,80.0,0.3076923076923077,0.2923076923076923,12SpacG10T,65.0,20.0,10.0,Mg
221,0.3076923076923077,80.0,0.3076923076923077,0.3076923076923077,12SpacG10T,65.0,20.0,5.0,Mg
222,0.2554347826086957,80.0,0.15760869565217392,0.08152173913043478,12SpacG11A,184.0,29.0,95.0,Mg
223,0.10869565217391304,80.0,0.15760869565217392,0.21195652173913043,12SpacG11A,184.0,29.0,75.0,Mg
224,0.18478260869565216,80.0,0.15760869565217392,0.125,12SpacG11A,184.0,29.0,50.0,Mg
225,0.16847826086956522,80.0,0.15760869565217392,0.14130434782608695,12SpacG11A,184.0,29.0,25.0,Mg
226,0.15760869565217392,80.0,0.15760869565217392,0.14673913043478262,12SpacG11A,184.0,29.0,10.0,Mg
227,0.15760869565217392,80.0,0.15760869565217392,0.15217391304347827,12SpacG11A,184.0,29.0,5.0,Mg
228,0.23255813953488372,80.0,0.1511627906976744,0.08139534883720931,12SpacG11C,172.0,26.0,95.0,Mg
229,0.11046511627906977,80.0,0.1511627906976744,0.19767441860465115,12SpacG11C,172.0,26.0,75.0,Mg
230,0.1744186046511628,80.0,0.1511627906976744,0.12209302325581395,12SpacG11C,172.0,26.0,50.0,Mg
231,0.16279069767441862,80.0,0.1511627906976744,0.13953488372093023,12SpacG11C,172.0,26.0,25.0,Mg
232,0.1511627906976744,80.0,0.1511627906976744,0.14534883720930233,12SpacG11C,172.0,26.0,10.0,Mg
233,0.1511627906976744,80.0,0.1511627906976744,0.14534883720930233,12SpacG11C,172.0,26.0,5.0,Mg
234,0.5727272727272728,40.0,0.39090909090909093,0.22727272727272727,12SpacG11T,110.0,43.0,95.0,Ca
235,0.2909090909090909,40.0,0.39090909090909093,0.4909090909090909,12SpacG11T,110.0,43.0,75.0,Ca
236,0.44545454545454544,40.0,0.39090909090909093,0.32727272727272727,12SpacG11T,110.0,43.0,50.0,Ca
237,0.41818181818181815,40.0,0.39090909090909093,0.35454545454545455,12SpacG11T,110.0,43.0,25.0,Ca
238,0.4,40.0,0.39090909090909093,0.37272727272727274,12SpacG11T,110.0,43.0,10.0,Ca
239,0.39090909090909093,40.0,0.39090909090909093,0.38181818181818183,12SpacG11T,110.0,43.0,5.0,Ca
240,0.9133574007220217,80.0,0.7436823104693141,0.5848375451263538,12SpacG11T,277.0,206.0,95.0,Ca
241,0.6462093862815884,80.0,0.7436823104693141,0.8411552346570397,12SpacG11T,277.0,206.0,75.0,Ca
242,0.7978339350180506,80.0,0.7436823104693141,0.6859205776173285,12SpacG11T,277.0,206.0,50.0,Ca
243,0.7689530685920578,80.0,0.7436823104693141,0.7148014440433214,12SpacG11T,277.0,206.0,25.0,Ca
244,0.7509025270758123,80.0,0.7436823104693141,0.7292418772563177,12SpacG11T,277.0,206.0,10.0,Ca
245,0.7472924187725631,80.0,0.7436823104693141,0.7364620938628159,12SpacG11T,277.0,206.0,5.0,Ca
246,1.963855421686747,160.0,1.4819277108433735,1.0481927710843373,12SpacG11T,83.0,123.0,95.0,Ca
247,1.216867469879518,160.0,1.4819277108433735,1.7469879518072289,12SpacG11T,83.0,123.0,75.0,Ca
248,1.6385542168674698,160.0,1.4819277108433735,1.3253012048192772,12SpacG11T,83.0,123.0,50.0,Ca
249,1.5542168674698795,160.0,1.4819277108433735,1.3975903614457832,12SpacG11T,83.0,123.0,25.0,Ca
250,1.5060240963855422,160.0,1.4819277108433735,1.4457831325301205,12SpacG11T,83.0,123.0,10.0,Ca
251,1.4939759036144578,160.0,1.4819277108433735,1.4578313253012047,12SpacG11T,83.0,123.0,5.0,Ca
252,0.3333333333333333,0.0,0.18518518518518517,0.06666666666666667,12SpacG11T,135.0,25.0,95.0,Mg
253,0.1111111111111111,0.0,0.18518518518518517,0.26666666666666666,12SpacG11T,135.0,25.0,75.0,Mg
254,0.22962962962962963,0.0,0.18518518518518517,0.13333333333333333,12SpacG11T,135.0,25.0,50.0,Mg
255,0.2,0.0,0.18518518518518517,0.15555555555555556,12SpacG11T,135.0,25.0,25.0,Mg
256,0.18518518518518517,0.0,0.18518518518518517,0.17037037037037037,12SpacG11T,135.0,25.0,10.0,Mg
257,0.18518518518518517,0.0,0.18518518518518517,0.17777777777777778,12SpacG11T,135.0,25.0,5.0,Mg
258,0.3379383634431456,80.0,0.28374070138150903,0.23379383634431455,12SpacG11T,941.0,267.0,95.0,Mg
259,0.25398512221041447,80.0,0.28374070138150903,0.3145589798087141,12SpacG11T,941.0,267.0,75.0,Mg
260,0.3007438894792774,80.0,0.28374070138150903,0.26567481402763016,12SpacG11T,941.0,267.0,50.0,Mg
261,0.2911795961742827,80.0,0.28374070138150903,0.27417640807651433,12SpacG11T,941.0,267.0,25.0,Mg
262,0.2858660998937301,80.0,0.28374070138150903,0.27948990435706694,12SpacG11T,941.0,267.0,10.0,Mg
263,0.28480340063761955,80.0,0.28374070138150903,0.281615302869288,12SpacG11T,941.0,267.0,5.0,Mg
264,0.412,80.0,0.296,0.196,12SpacG6A,250.0,74.0,95.0,Mg
265,0.232,80.0,0.296,0.36,12SpacG6A,250.0,74.0,75.0,Mg
266,0.332,80.0,0.296,0.256,12SpacG6A,250.0,74.0,50.0,Mg
267,0.312,80.0,0.296,0.276,12SpacG6A,250.0,74.0,25.0,Mg
268,0.3,80.0,0.296,0.284,12SpacG6A,250.0,74.0,10.0,Mg
269,0.296,80.0,0.296,0.288,12SpacG6A,250.0,74.0,5.0,Mg
270,0.5543478260869565,80.0,0.42391304347826086,0.30978260869565216,12SpacG6T,184.0,78.0,95.0,Mg
271,0.3532608695652174,80.0,0.42391304347826086,0.5,12SpacG6T,184.0,78.0,75.0,Mg
272,0.46195652173913043,80.0,0.42391304347826086,0.3804347826086957,12SpacG6T,184.0,78.0,50.0,Mg
273,0.44021739130434784,80.0,0.42391304347826086,0.40217391304347827,12SpacG6T,184.0,78.0,25.0,Mg
274,0.42934782608695654,80.0,0.42391304347826086,0.41304347826086957,12SpacG6T,184.0,78.0,10.0,Mg
275,0.42391304347826086,80.0,0.42391304347826086,0.41847826086956524,12SpacG6T,184.0,78.0,5.0,Mg
276,0.2767857142857143,80.0,0.19642857142857142,0.125,12SpacT9A,112.0,22.0,95.0,Mg
277,0.15178571428571427,80.0,0.19642857142857142,0.24107142857142858,12SpacT9A,112.0,22.0,75.0,Mg
278,0.22321428571428573,80.0,0.19642857142857142,0.16964285714285715,12SpacT9A,112.0,22.0,50.0,Mg
279,0.20535714285714285,80.0,0.19642857142857142,0.17857142857142858,12SpacT9A,112.0,22.0,25.0,Mg
280,0.19642857142857142,80.0,0.19642857142857142,0.1875,12SpacT9A,112.0,22.0,10.0,Mg
281,0.19642857142857142,80.0,0.19642857142857142,0.19642857142857142,12SpacT9A,112.0,22.0,5.0,Mg
282,0.5811965811965812,80.0,0.42735042735042733,0.2905982905982906,12SpacT9C,117.0,50.0,95.0,Mg
283,0.3418803418803419,80.0,0.42735042735042733,0.5128205128205128,12SpacT9C,117.0,50.0,75.0,Mg
284,0.47863247863247865,80.0,0.42735042735042733,0.37606837606837606,12SpacT9C,117.0,50.0,50.0,Mg
285,0.452991452991453,80.0,0.42735042735042733,0.4017094017094017,12SpacT9C,117.0,50.0,25.0,Mg
286,0.4358974358974359,80.0,0.42735042735042733,0.4188034188034188,12SpacT9C,117.0,50.0,10.0,Mg
287,0.42735042735042733,80.0,0.42735042735042733,0.4188034188034188,12SpacT9C,117.0,50.0,5.0,Mg
288,0.14583333333333334,80.0,0.08333333333333333,0.03125,12SpacT9G,96.0,8.0,95.0,Mg
289,0.052083333333333336,80.0,0.08333333333333333,0.11458333333333333,12SpacT9G,96.0,8.0,75.0,Mg
290,0.10416666666666667,80.0,0.08333333333333333,0.0625,12SpacT9G,96.0,8.0,50.0,Mg
291,0.09375,80.0,0.08333333333333333,0.07291666666666667,12SpacT9G,96.0,8.0,25.0,Mg
292,0.08333333333333333,80.0,0.08333333333333333,0.08333333333333333,12SpacT9G,96.0,8.0,10.0,Mg
293,0.08333333333333333,80.0,0.08333333333333333,0.08333333333333333,12SpacT9G,96.0,8.0,5.0,Mg
294,0.07604562737642585,80.0,0.03802281368821293,0.011406844106463879,DFL161,263.0,10.0,95.0,Mg
295,0.019011406844106463,80.0,0.03802281368821293,0.057034220532319393,DFL161,263.0,10.0,75.0,Mg
296,0.049429657794676805,80.0,0.03802281368821293,0.026615969581749048,DFL161,263.0,10.0,50.0,Mg
297,0.04182509505703422,80.0,0.03802281368821293,0.030418250950570342,DFL161,263.0,10.0,25.0,Mg
298,0.03802281368821293,80.0,0.03802281368821293,0.034220532319391636,DFL161,263.0,10.0,10.0,Mg
299,0.03802281368821293,80.0,0.03802281368821293,0.034220532319391636,DFL161,263.0,10.0,5.0,Mg
300,0.6144578313253012,80.0,0.4457831325301205,0.30120481927710846,DFL1613,83.0,37.0,95.0,Mg
301,0.3614457831325301,80.0,0.4457831325301205,0.5421686746987951,DFL1613,83.0,37.0,75.0,Mg
302,0.4939759036144578,80.0,0.4457831325301205,0.3855421686746988,DFL1613,83.0,37.0,50.0,Mg
303,0.4698795180722891,80.0,0.4457831325301205,0.42168674698795183,DFL1613,83.0,37.0,25.0,Mg
304,0.45783132530120485,80.0,0.4457831325301205,0.43373493975903615,DFL1613,83.0,37.0,10.0,Mg
305,0.4457831325301205,80.0,0.4457831325301205,0.43373493975903615,DFL1613,83.0,37.0,5.0,Mg
306,0.2574626865671642,80.0,0.17164179104477612,0.10074626865671642,V1-135,268.0,46.0,95.0,Mg
307,0.12686567164179105,80.0,0.17164179104477612,0.21641791044776118,V1-135,268.0,46.0,75.0,Mg
308,0.19776119402985073,80.0,0.17164179104477612,0.1455223880597015,V1-135,268.0,46.0,50.0,Mg
309,0.1828358208955224,80.0,0.17164179104477612,0.15671641791044777,V1-135,268.0,46.0,25.0,Mg
310,0.17537313432835822,80.0,0.17164179104477612,0.16417910447761194,V1-135,268.0,46.0,10.0,Mg
311,0.17164179104477612,80.0,0.17164179104477612,0.16791044776119404,V1-135,268.0,46.0,5.0,Mg
312,0.22727272727272727,80.0,0.15034965034965034,0.08741258741258741,V10-96,286.0,43.0,95.0,Mg
313,0.10839160839160839,80.0,0.15034965034965034,0.19230769230769232,V10-96,286.0,43.0,75.0,Mg
314,0.17482517482517482,80.0,0.15034965034965034,0.1258741258741259,V10-96,286.0,43.0,50.0,Mg
315,0.16083916083916083,80.0,0.15034965034965034,0.13636363636363635,V10-96,286.0,43.0,25.0,Mg
316,0.15384615384615385,80.0,0.15034965034965034,0.14335664335664336,V10-96,286.0,43.0,10.0,Mg
317,0.15034965034965034,80.0,0.15034965034965034,0.14685314685314685,V10-96,286.0,43.0,5.0,Mg
318,0.2852112676056338,80.0,0.20422535211267606,0.13380281690140844,V19-93,284.0,58.0,95.0,Mg
319,0.1619718309859155,80.0,0.20422535211267606,0.25,V19-93,284.0,58.0,75.0,Mg
320,0.22887323943661972,80.0,0.20422535211267606,0.176056338028169,V19-93,284.0,58.0,50.0,Mg
321,0.2147887323943662,80.0,0.20422535211267606,0.19014084507042253,V19-93,284.0,58.0,25.0,Mg
322,0.20774647887323944,80.0,0.20422535211267606,0.19718309859154928,V19-93,284.0,58.0,10.0,Mg
323,0.20422535211267606,80.0,0.20422535211267606,0.2007042253521127,V19-93,284.0,58.0,5.0,Mg
324,0.2761904761904762,80.0,0.17142857142857143,0.0761904761904762,V4-55,105.0,18.0,95.0,Mg
325,0.11428571428571428,80.0,0.17142857142857143,0.22857142857142856,V4-55,105.0,18.0,75.0,Mg
326,0.2,80.0,0.17142857142857143,0.13333333333333333,V4-55,105.0,18.0,50.0,Mg
327,0.18095238095238095,80.0,0.17142857142857143,0.1523809523809524,V4-55,105.0,18.0,25.0,Mg
328,0.17142857142857143,80.0,0.17142857142857143,0.1619047619047619,V4-55,105.0,18.0,10.0,Mg
329,0.17142857142857143,80.0,0.17142857142857143,0.1619047619047619,V4-55,105.0,18.0,5.0,Mg
330,0.34408602150537637,80.0,0.14516129032258066,0.026881720430107527,V5-43,186.0,27.0,95.0,Mg
331,0.04838709677419355,80.0,0.14516129032258066,0.24193548387096775,V5-43,186.0,27.0,75.0,Mg
332,0.1989247311827957,80.0,0.14516129032258066,0.07526881720430108,V5-43,186.0,27.0,50.0,Mg
333,0.16129032258064516,80.0,0.14516129032258066,0.1075268817204301,V5-43,186.0,27.0,25.0,Mg
334,0.14516129032258066,80.0,0.14516129032258066,0.12365591397849462,V5-43,186.0,27.0,10.0,Mg
335,0.13978494623655913,80.0,0.14516129032258066,0.12903225806451613,V5-43,186.0,27.0,5.0,Mg
336,0.23383084577114427,80.0,0.14427860696517414,0.06965174129353234,V6-15,201.0,29.0,95.0,Mg
337,0.0945273631840796,80.0,0.14427860696517414,0.19402985074626866,V6-15,201.0,29.0,75.0,Mg
338,0.17412935323383086,80.0,0.14427860696517414,0.11442786069651742,V6-15,201.0,29.0,50.0,Mg
339,0.15422885572139303,80.0,0.14427860696517414,0.12935323383084577,V6-15,201.0,29.0,25.0,Mg
340,0.14925373134328357,80.0,0.14427860696517414,0.13432835820895522,V6-15,201.0,29.0,10.0,Mg
341,0.14427860696517414,80.0,0.14427860696517414,0.13930348258706468,V6-15,201.0,29.0,5.0,Mg
342,0.3968253968253968,80.0,0.2698412698412698,0.15873015873015872,V6-17,126.0,34.0,95.0,Mg
343,0.20634920634920634,80.0,0.2698412698412698,0.3412698412698413,V6-17,126.0,34.0,75.0,Mg
344,0.30952380952380953,80.0,0.2698412698412698,0.23015873015873015,V6-17,126.0,34.0,50.0,Mg
345,0.2857142857142857,80.0,0.2698412698412698,0.246031746031746,V6-17,126.0,34.0,25.0,Mg
346,0.2777777777777778,80.0,0.2698412698412698,0.2619047619047619,V6-17,126.0,34.0,10.0,Mg
347,0.2698412698412698,80.0,0.2698412698412698,0.2619047619047619,V6-17,126.0,34.0,5.0,Mg
348,0.07534246575342465,80.0,0.03424657534246575,0.00684931506849315,V8-18,146.0,5.0,95.0,Mg
349,0.0136986301369863,80.0,0.03424657534246575,0.0547945205479452,V8-18,146.0,5.0,75.0,Mg
350,0.04794520547945205,80.0,0.03424657534246575,0.02054794520547945,V8-18,146.0,5.0,50.0,Mg
351,0.0410958904109589,80.0,0.03424657534246575,0.0273972602739726,V8-18,146.0,5.0,25.0,Mg
352,0.03424657534246575,80.0,0.03424657534246575,0.0273972602739726,V8-18,146.0,5.0,10.0,Mg
353,0.03424657534246575,80.0,0.03424657534246575,0.03424657534246575,V8-18,146.0,5.0,5.0,Mg
354,0.23790322580645162,80.0,0.16532258064516128,0.10483870967741936,V9-120,248.0,41.0,95.0,Mg
355,0.125,80.0,0.16532258064516128,0.2056451612903226,V9-120,248.0,41.0,75.0,Mg
356,0.18548387096774194,80.0,0.16532258064516128,0.14112903225806453,V9-120,248.0,41.0,50.0,Mg
357,0.17338709677419356,80.0,0.16532258064516128,0.1532258064516129,V9-120,248.0,41.0,25.0,Mg
358,0.1693548387096774,80.0,0.16532258064516128,0.15725806451612903,V9-120,248.0,41.0,10.0,Mg
359,0.16532258064516128,80.0,0.16532258064516128,0.16129032258064516,V9-120,248.0,41.0,5.0,Mg
360,0.5145631067961165,80.0,0.41504854368932037,0.32281553398058255,WT12rss,412.0,171.0,95.0,Ca
361,0.3592233009708738,80.0,0.41504854368932037,0.470873786407767,WT12rss,412.0,171.0,75.0,Ca
362,0.44660194174757284,80.0,0.41504854368932037,0.38106796116504854,WT12rss,412.0,171.0,50.0,Ca
363,0.42961165048543687,80.0,0.41504854368932037,0.39805825242718446,WT12rss,412.0,171.0,25.0,Ca
364,0.4199029126213592,80.0,0.41504854368932037,0.4077669902912621,WT12rss,412.0,171.0,10.0,Ca
365,0.4174757281553398,80.0,0.41504854368932037,0.41019417475728154,WT12rss,412.0,171.0,5.0,Ca
366,0.26142857142857145,80.0,0.21714285714285714,0.17714285714285713,WT12rss,700.0,152.0,95.0,Mg
367,0.19285714285714287,80.0,0.21714285714285714,0.24285714285714285,WT12rss,700.0,152.0,75.0,Mg
368,0.23142857142857143,80.0,0.21714285714285714,0.20285714285714285,WT12rss,700.0,152.0,50.0,Mg
369,0.22285714285714286,80.0,0.21714285714285714,0.21000000000000002,WT12rss,700.0,152.0,25.0,Mg
370,0.21857142857142858,80.0,0.21714285714285714,0.21428571428571427,WT12rss,700.0,152.0,10.0,Mg
371,0.21857142857142858,80.0,0.21714285714285714,0.21571428571428572,WT12rss,700.0,152.0,5.0,Mg
